Country,City,Latitude,Longitude,Temperature,Humidity,Cloudiness,Wind Speed
ro,bradeanu,44.933333000000005,26.85,85.38,39,80,11.52
cn,haibowan,39.664722,106.81222199999999,60.81,93,92,4.03
hr,trogir,43.5125,16.251666699999998,82.4,51,0,4.7
ro,carlibaba,47.583333,25.133333,64.41,80,20,1.9
ph,calapi,10.2736,122.9743,74.13,99,56,0.45
br,juazeirinho,-6.816667,-38.05,91.68,29,8,9.17
ec,milagro,-2.0666667000000003,-79.5333333,77,69,75,10.29
cz,sluknov,51.004656,14.453760999999998,80.6,44,0,2.24
ru,staryy biser,58.413610999999996,58.880278000000004,57.93,98,92,11.63
mx,guanajuato,21.016667,-101.25,68,72,90,4.7
dk,arslev,55.303526,10.46428,66.2,82,75,13.87
be,kortemark,51.033333,3.0333330000000003,72.43,64,20,11.41
cn,jishu,44.316666999999995,126.8,56.58,93,48,4.92
us,sherrelwood,39.8377778,-105.00083329999998,69.76,35,1,10.29
cz,bystrice,49.731792999999996,14.667197,80.1,47,0,5.82
us,fairmount,43.0472222,-76.2388889,71.06,60,90,3.36
ph,quezon,15.5512,120.8147,75.2,100,75,2.24
ru,germenchik,43.593889000000004,43.766110999999995,73.4,53,20,4.47
us,north college hill,39.2183333,-84.5508333,85.08,66,75,9.17
kz,beyneu,45.316666999999995,55.2,78.36,26,0,8.05
za,calvinia,-31.470688,19.776007999999997,37.14,78,0,3.13
mx,ocotitlan,19.233333,-99.616667,69.33,36,75,4.7
be,yvoir,50.333333,4.883333,75.6,60,12,8.05
bg,svistov,43.6230556,25.3538889,82.4,58,100,4.7
lv,ainazi,57.8636111,24.3577778,62.07,49,8,13.98
in,atarra,25.283333,80.56666700000001,88.44,52,20,2.13
am,zaritap,39.637222200000004,45.5086111,71.6,60,75,11.41
jp,ogori,34.1,131.4,71.6,73,75,4.7
id,ciputat,-6.2375,106.69555600000001,82.4,78,40,13.87
ru,berezayka,57.988333,33.903611,62.34,51,20,12.75
fr,rombas,49.249107,6.094054,83.59,45,0,4.7
ch,schlieren,47.39646,8.448587,82.72,37,20,4.7
nl,hellevoetsluis,51.827088,4.130596,69.46,68,0,12.75
pt,pragal,38.674592,-9.169806,80.6,47,20,2.24
us,arcadia,34.1397222,-118.03444440000001,68.9,73,40,4.7
cz,kraluv dvur,49.947837,14.038397,80.15,47,0,5.82
se,nykoping,58.75,17.0,51.8,93,75,4.7
rs,kostolac,44.711944,21.168889,84.2,58,0,2.24
lu,heffingen,49.7625,6.2413889000000005,80.73,44,1,5.82
dk,skorping,56.836259999999996,9.892549,61.08,90,92,21.25
ph,batiano,7.5534,126.4907,81.6,100,20,5.48
ph,san mateo,7.149444,124.583056,71.34,94,32,2.35
ru,dolgorukovo,52.319454,38.345269,73.86,32,0,12.75
de,hauzenberg,48.65,13.633332999999999,82.4,39,0,4.7
de,buchen,49.523889000000004,9.323056,82.18,42,0,3.36
br,inga,-7.283333,-35.6,78.72,69,80,15.55
lu,diekirch,49.8677778,6.1558333,78.85,44,1,5.82
ro,ion corvin,44.116667,27.8,77,57,0,2.24
it,scorze,45.573611,12.106111,85.57,37,0,4.7
cz,zamberk,50.086090999999996,16.463801999999998,80.6,39,0,2.24
in,ramjibanpur,22.833333,87.616667,84.66,82,8,5.93
hn,villanueva,15.316666699999999,-88.0,91.4,63,75,6.93
pl,myslenice,49.831956,19.9441,78.8,44,0,2.24
be,stoumont,50.416667,5.8,77.97,53,0,4.7
ph,manay,7.341667,125.575,77,100,75,3.36
ro,lungesti,44.566666999999995,24.183332999999998,75.2,64,92,1.12
jo,samma,32.571027,35.690251,78.8,69,40,8.05
hu,baks,46.542970000000004,20.102127,80.69,69,20,6.93
hu,mor,47.377871999999996,18.203534,83.26,48,0,2.24
ro,provita de sus,45.133333,25.633333,76.11,63,68,6.04
ua,kuybysheve,44.629003999999995,33.86895,76.02,86,0,1.9
ru,tupik,54.4253,119.9327,49.92,88,8,2.35
pl,pionki,51.476614,21.450739000000002,77.37,48,12,5.48
ro,olcea,46.683333000000005,21.983333,82.4,48,0,3.36
ph,matayumtayum,15.5166,120.7098,75.2,100,75,2.24
vn,quang ngai,15.116667000000001,108.8,74.94,87,48,2.46
in,bhalki,18.033333,77.216667,74.22,87,20,6.15
gt,san antonio aguas calientes,14.539722,-90.769444,83.12,64,75,11.41
gr,salamis,37.966666700000005,23.4833333,81.43,30,20,8.05
in,rehli,23.633333,79.083333,80.25,71,48,7.38
br,conceicao do araguaia,-8.241111,-49.296110999999996,95,34,75,8.05
mx,jalapilla,18.833333,-97.083333,76.2,39,76,2.57
ru,bezopasnoye,45.648332,41.936028,78.8,24,0,4.47
ph,alannay,18.057387,121.577551,72.42,96,0,3.58
lu,sanem,49.548055600000005,5.9288889000000005,83.39,39,0,4.7
us,onalaska,43.88444439999999,-91.235,68.34,83,90,8.05
ng,ugep,5.8086,8.0812,72.78,100,92,5.48
ro,podgoria,45.416667,27.016666999999998,77.19,56,20,7.16
jp,tsushima,35.166667,136.716667,70.7,94,40,8.05
br,pacaembu,-21.566667000000002,-51.283333,84.12,49,0,6.6
in,darjiling,27.033333000000002,88.266667,68.55,97,56,1.45
de,erfurt,50.983333,11.033333,80.6,47,0,8.05
hn,azacualpa,14.2166667,-88.45,81.78,49,8,1.9
mx,vicente guerrero,30.75,-116.0,72.69,64,0,3.47
pl,swidnica,50.841705,16.479066,80.6,44,0,6.93
us,needham,42.283333299999995,-71.2333333,79.23,57,75,9.17
gb,wigan,53.533333,-2.6166669999999996,60.94,51,20,17.22
ph,tuy,14.0183,120.7296,78.8,100,90,7.61
ru,zelenogradskiy,56.1,37.916667,67.44,42,0,11.18
br,itapemirim,-21.016667,-40.833333,72.24,97,0,5.93
us,los angeles,34.0522222,-118.2427778,68.74,73,40,4.7
ph,palimbang,6.2105559999999995,124.189444,82.41,100,56,6.6
it,bisignano,39.516667,16.283333,67.92,96,12,1.9
ph,hobo,13.5101,123.1792,74.58,100,44,3.13
br,padre paraiso,-17.1,-41.516667,68.28,86,68,6.15
jp,narashino,35.683333000000005,140.033333,66.18,100,75,5.82
md,cimislia,46.52,28.784167,82.4,48,0,6.93
kz,dossor,47.527221999999995,52.981111,81.87,25,36,12.53
lv,cesvaine,56.966666700000005,26.316666700000003,61.62,52,0,8.95
nl,valkenburg,50.864835,5.827774,79.32,47,0,6.93
in,ellenabad,29.45,74.65,78.36,78,80,3.36
ph,rizal,13.8765,121.15899999999999,78.99,94,64,7.61
ro,independenta,44.283333,27.15,85.74,33,80,8.39
ro,graniceri,46.516667,21.3,78.8,65,40,9.17
gr,sisamia,40.95,23.4166667,84.2,28,20,4.7
ph,marogong,7.6666669999999995,124.15,68.46,97,76,1.9
hn,yarumela,14.333333300000001,-87.6333333,80.08,84,90,3.36
co,ebejico,6.325983,-75.768348,74.86,56,40,9.17
us,angleton,29.1691667,-95.43166670000001,85.98,74,90,16.11
ph,mambog,15.3137,120.0304,76.1,100,75,2.24
ph,dolores,11.061389,124.61333300000001,77.91,100,68,2.35
ru,novonukutskiy,53.7002,102.7117,65.94,76,92,4.7
mx,purepero,19.916667,-102.016667,64.4,88,90,2.68
ro,praid,46.55,25.133333,77,65,44,6.93
rs,mali zvornik,44.395278000000005,19.115833,78.8,54,0,4.7
ch,wohlen,46.972336,7.358492999999999,81.68,42,20,2.24
hn,el triunfo,13.116666699999998,-87.0,86,74,40,4.7
jp,matsusaka,34.566666999999995,136.533333,71.6,94,40,8.05
kh,senmonorom,12.45,107.2,71.52,96,88,5.59
mm,maubin,16.7333333,95.65,80.6,94,40,6.93
co,caldono,2.797395,-76.483165,66.57,72,56,0.34
ph,tubod,7.3716669999999995,125.644722,77,100,75,3.36
cz,golcuv jenikov,49.816395,15.477345999999999,81.46,39,0,3.36
rs,arandelovac,44.306944,20.56,83.32,45,0,3.36
us,mason city,43.153611100000006,-93.2008333,70.39,88,90,9.17
ro,mereni,44.05,28.366667,77,57,0,2.24
ph,dalwangan,8.200556,125.04055600000001,71.79,100,88,2.01
in,curti,15.416667000000002,74.016667,73.05,100,92,0.89
hn,santa maria del real,14.766666699999998,-85.95,87,52,0,2.91
ru,druzhba,44.1953,42.016999999999996,68.64,48,0,3.47
hn,el terrero,14.066666699999999,-87.0666667,81.27,73,40,4.7
in,aurad,18.25,77.43333299999999,74.22,87,20,6.15
ee,vandra,58.6158333,25.096944399999998,61.62,36,36,15.21
us,lehigh acres,26.625,-81.625,91.8,49,1,4.7
cn,yichun,47.7,128.9,46.95,94,36,3.36
ua,vylok,48.109153000000006,22.83865,81.55,61,0,5.82
ru,kuzhorskaya,44.675121999999995,40.310318,68.37,52,0,2.46
ki,taburao,1.8166667,173.0166667,82.4,74,75,5.82
ru,nizhniy odes,63.644511,54.85598100000001,64.59,59,48,7.61
bo,san ramon,-13.2833333,-64.7166667,87.8,48,20,5.82
in,gulabpura,25.9,74.666667,80.79,65,48,2.35
br,bananeiras,-6.75,-35.616667,78.99,72,24,15.99
om,nizwa,22.9333333,57.533333299999995,85.92,23,0,5.37
jm,may pen,17.966666699999998,-77.2333333,87.8,74,20,24.16
co,vetas,7.309107000000001,-72.871218,73.4,100,75,8.05
gb,coalburn,55.583332999999996,-3.9,54.21,71,40,11.41
be,sint-amands,51.05,4.2,76.23,50,20,9.17
ru,okha,53.573889,142.947778,47.22,100,100,6.15
cz,vrdy,49.920753999999995,15.471089000000001,81.46,39,0,3.36
in,bandipur,34.416667,74.65,49.56,91,0,1.9
mx,antonio escobedo,20.766667,-103.95,70.26,67,88,2.13
us,cedar park,30.505,-97.82,80.8,70,75,5.82
af,geresk,31.820894,64.570048,78.81,18,0,6.49
ru,pokrov,55.917972999999996,39.172416,66.12,42,0,17.56
br,belo horizonte,-19.916667,-43.933333000000005,74.84,49,40,4.7
mx,hueypoxtla,19.908333,-99.08,71.6,37,75,6.93
gh,nungua,5.6,-0.0666667,80.6,83,75,16.11
ru,ilinskiy,47.997778000000004,142.20916699999998,54.33,95,100,8.05
ru,kolosovka,56.467786,73.610957,58.29,81,80,7.61
ua,borova,50.176253,30.104291999999997,76.37,44,0,11.18
nl,wateringen,52.023061,4.274782,68,73,0,8.05
co,narino,4.397808,-74.827313,82.4,51,75,5.82
ph,taga,17.575117000000002,121.368847,67.83,96,20,1.34
mx,nacozari,30.4,-109.65,91.14,15,0,3.58
ph,lingasad,8.4966,123.3997,74.76,100,80,2.01
dm,mahaut,15.35,-61.4,85.87,48,40,8.05
de,hof,50.316666999999995,11.916667,78.24,50,0,4.7
in,jaynagar,26.583333000000003,86.15,81.33,86,56,7.49
ve,ciudad guayana,8.3533333,-62.652777799999996,80.34,89,80,2.57
ua,utkivka,49.785833000000004,36.075278000000004,77,44,0,8.95
ru,tatarskaya pishlya,54.060854000000006,44.899781,63.78,42,0,10.63
mx,rinconada,19.35,-96.516667,86,79,75,2.24
gr,voula,37.85,23.7666667,81.54,32,20,14.99
tj,kansay,40.4927778,69.7025,78.8,34,20,8.95
us,mustang,35.3841667,-97.7241667,81.03,54,75,8.05
mx,el arenal,20.233333,-98.9,64.68,83,76,4.03
ru,krechevitsy,58.617028000000005,31.40101,61.71,51,0,7.94
us,wildomar,33.5988889,-117.27916670000002,72.41,44,1,8.05
br,raposos,-19.95,-43.8,74.86,49,40,4.7
ph,iraray,8.993611,118.051111,81.51,100,68,5.14
dk,grindsted,55.754,8.912307,61.16,93,92,13.87
no,vatne,62.566667,6.65,51.22,87,75,13.87
br,cristalina,-16.75,-47.6,76.65,49,8,10.74
ru,otrado-kubanskoye,45.244167,40.840833,75.03,41,0,3.69
ru,bursol,53.1682,78.4434,61.62,64,0,9.62
hu,pocsaj,47.283333,21.816667000000002,83.35,48,0,3.36
ro,marasesti,45.883333,27.233333000000002,77.19,56,20,7.16
ph,buliran,15.266667000000002,120.86666699999999,75.2,100,75,2.24
ph,manuk mangkaw,4.8,119.85,84.93,99,36,8.5
it,agropoli,40.35,14.983332999999998,69.03,100,75,4.7
ro,lisa,45.716667,24.85,73.4,69,75,11.41
it,grosseto,42.766667,11.133333,79.9,78,20,10.29
id,ciampea,-6.540278,106.69555600000001,82.4,78,40,13.87
hu,szomod,47.684919,18.34061,84.2,48,0,2.24
us,fulton,43.3227778,-76.4175,70.61,49,1,3.13
gr,thermi,40.55,23.0166667,84.2,28,20,4.7
ru,goyty,43.164167,45.622778000000004,64.95,72,0,3.13
de,homberg,51.033333,9.4,79.75,41,0,6.93
gr,kastron,38.5,23.1666667,82.4,30,20,8.05
ru,vilya,55.24555600000001,42.208889,67.11,42,64,16.44
de,vaterstetten,48.116667,11.783333,77.76,47,0,3.36
mx,teocuitatlan de corona,20.116667,-103.4,71.6,56,90,3.13
mx,zapotlanejo,20.45,-103.166667,71.6,56,90,3.13
mx,querendaro,19.8,-100.883333,68,56,75,9.17
cd,bandundu,-3.316667,17.366667,81.24,62,0,3.36
de,kelheim,48.916667,11.866667,80.22,50,1,3.36
it,correggio,44.766667,10.783333,85.59,48,0,8.05
ca,brantford,43.133333,-80.266667,67.14,68,90,4.59
ph,batu,7.7533330000000005,122.829444,74.49,100,44,1.9
us,north augusta,33.5016667,-81.9652778,93.6,46,75,4.7
bg,lukovit,43.2,24.1666667,73.41,75,48,2.01
ro,tatarastii de sus,44.416667,25.116667,85.02,34,100,8.72
tw,taipao,23.464722199999997,120.33194440000001,75.2,88,75,4.7
ph,bantacan,7.604,126.1298,70.44,93,24,2.57
in,shahkot,31.0775,75.337222,83.04,78,44,3.02
ph,santa lucia,15.4598,120.7996,75.2,100,75,2.24
ph,espana,12.384139,122.49901200000001,84.03,100,76,11.18
ve,caraballeda,10.616666699999998,-66.83333329999999,87.8,58,75,6.93
es,azpeitia,43.18143,-2.263527,75.94,78,20,8.05
pk,garhi yasin,27.906895000000002,68.510961,87.27,39,0,6.6
mx,delta,32.355,-115.193056,93.2,28,5,9.17
ru,imeni sverdlova,59.796110999999996,30.665833000000003,62.6,50,0,15.66
in,kandra,22.85,86.05,79.08,87,36,2.91
co,riosucio,7.44027,-77.1167,87.8,70,40,4.7
hu,torokbalint,47.436454,18.912422,82.4,58,0,5.82
ru,sovetsk,57.5182,49.1222,56.67,61,8,13.76
gr,limin khersonisou,35.3166667,25.3833333,75.2,83,20,6.93
gb,coatbridge,55.86666700000001,-4.033333,54.21,66,40,14.99
ee,korvekula,58.4241667,26.7822222,60.8,38,8,13.87
gr,epanomi,40.4272222,22.928333300000002,84.2,28,20,4.7
ph,palayan,15.5415,121.0848,75.2,100,75,2.24
cu,artemisa,22.813055600000002,-82.7619444,78.8,88,75,8.05
br,brasileia,-11.0,-68.733333,86,55,40,2.91
us,bolingbrook,41.6986111,-88.06833329999999,75.2,78,90,6.6
in,kendrapara,20.5,86.416667,86,84,40,5.82
ph,parang,14.6331,120.4493,77,94,40,7.49
it,fabriano,43.333333,12.9,82.26,40,40,11.41
br,alcantara,-2.4,-44.4,84.2,74,75,8.05
hn,lagunas,14.616666699999998,-88.4833333,81.78,49,8,1.9
ru,verkhovazhye,60.747174,42.046518,53.16,69,92,23.15
cz,zlate hory,50.260746000000005,17.395135999999997,72.33,77,0,2.68
br,sousa,-6.75,-38.233333,91.05,29,0,10.07
tn,kasra,35.813635,9.364339999999999,82.4,48,40,4.7
gt,livingston,15.833332999999998,-88.75,89.6,70,75,6.93
us,freeport,42.2966667,-89.6211111,73.65,78,90,6.93
mx,ixhuatan,16.356944,-94.4825,81.96,83,36,8.05
ch,ruti,47.261507,8.852445,82.4,45,0,3.36
ph,cambanay,10.543611,123.98611100000001,78.8,88,75,2.24
ar,mercedes,-29.181858000000002,-58.078951,83.49,45,0,12.19
ro,voloiac,44.616667,23.1,75.2,64,76,1.12
ir,ramshir,30.8946,49.4092,103.05,9,0,16.11
ru,khuzhir,53.193889,107.339722,54.24,73,92,3.02
br,imaculada,-7.366667,-37.5,89.52,33,8,10.96
cn,yantongshan,43.291944,126.00944399999999,53.61,95,8,4.92
ph,toong,14.070632000000002,120.76333100000001,78.8,100,90,7.61
af,sindand,33.302944000000004,62.1474,73.59,23,0,11.41
pg,aitape,-3.1333333,142.35,80.61,99,48,5.7
ru,goragorskiy,43.500199,45.085743,77.01,40,0,7.72
pe,acari,-15.4311111,-74.61583329999999,69,65,8,3.02
de,neubrandenburg,53.566667,13.266667000000002,77.28,52,36,12.53
ru,kolodeznyy,51.333333,39.183333000000005,73.4,40,0,8.95
za,viljoenskroon,-27.208406,26.948553000000004,50.91,37,0,6.38
ec,rocafuerte,-0.9166667,-80.4333333,82.4,69,40,13.87
us,cornelius,35.4866667,-80.86027779999999,91.6,46,40,4.7
in,sandila,27.083333000000003,80.516667,93.2,52,0,6.49
gb,grimsby,53.533333,-0.05,62.64,82,48,17.22
gb,ebbw vale,51.783333,-3.2,61.41,82,64,12.75
th,suphan buri,14.474178,100.122178,76.29,93,76,7.16
br,cruzeiro,-22.566667000000002,-44.966667,77,50,20,2.24
pl,aleksandrow lodzki,51.81773,19.300709,77,47,0,3.36
cn,hailun,47.45,126.933333,49.56,87,12,2.91
lt,utena,55.5,25.6,64.95,51,0,14.2
ml,kimparana,12.833333300000001,-4.9333333,94.47,38,56,3.91
in,sattankulam,8.45,77.93333299999999,80.7,78,76,14.76
ci,anyama,5.494622,-4.051831,82.4,78,20,10.29
br,jaragua do sul,-26.483333000000002,-49.066666999999995,75.2,53,0,6.93
sd,yei,4.091388899999999,30.678611100000005,68.37,93,92,5.37
cn,tongliao,43.6125,122.26527800000001,58.56,68,0,4.59
ro,oporelu,44.6,24.416667,75.2,64,100,1.12
gt,santa apolonia,14.791389,-90.970833,75.2,64,75,11.41
us,kenner,29.993888899999998,-90.2416667,88.03,66,75,6.93
pt,canecas,38.813209,-9.226794,80.6,47,20,2.24
sa,mecca,21.426667000000002,39.826111,100.4,35,0,3.36
it,castellana grotte,40.883333,17.166667,73.85,64,0,3.36
it,rocca di papa,41.766667,12.7,79.39,47,20,3.36
ph,patindeguen,7.219722,124.498333,75.66,100,80,2.35
gr,petroussa,41.2,24.0166667,84.2,42,20,3.69
no,balestrand,61.2,6.533333,49.14,66,40,12.75
ru,novyy urengoy,66.083333,76.633333,64.77,97,56,4.59
in,gopamau,27.55,80.283333,85.38,66,0,2.68
ph,constancia,10.59596,122.641503,74.4,97,44,3.02
pk,bhakkar,31.625246999999998,71.06574,81.69,72,0,3.02
pl,ostroleka,53.086206000000004,21.575663,72.69,63,0,4.47
hn,rio lindo,15.0333333,-87.9833333,91.4,63,75,6.93
us,east hemet,33.74,-116.93805559999998,74.46,44,1,8.05
br,nisia floresta,-6.066667,-35.133333,84.2,54,20,19.46
ro,bulz,46.916667,22.683332999999998,82.4,48,0,3.36
tr,samandag,36.084187,35.977139,80.6,54,40,11.41
ph,pili,13.066399,121.52031699999999,81.78,100,68,4.7
ro,arinis,47.5,23.233333,81.48,51,0,4.7
de,hamminkeln,51.733333,6.5833330000000005,78.8,50,0,9.17
ru,ozerki,53.6294,83.7085,60.8,67,20,8.95
ro,sacosu turcesc,45.651944,21.428889,80.11,65,20,9.17
us,greenwood,34.1952778,-82.1619444,91.76,52,75,3.36
jo,waqqas,32.542696,35.605332000000004,78.8,69,40,8.05
ru,beloomut,54.944776,39.339414,68.01,39,44,17.45
nz,outram,-45.866667,170.23333300000002,26.16,86,0,4.47
ua,dubrovytsya,51.57438,26.565034000000004,75.21,48,0,7.05
ee,rongu,58.145277799999995,26.248055600000004,60.8,38,20,13.87
ph,cabilauan,10.860999999999999,122.5734,74.4,97,44,3.02
ro,milcovul,45.65,27.25,77.19,56,20,7.16
es,santiago de compostela,42.880035,-8.544825999999999,72.43,83,20,5.82
ph,buhangin,6.491111,125.5475,75.48,100,48,1.9
fi,salo,60.38333299999999,23.133333,60.8,48,0,10.29
us,pennsville,39.6533333,-75.5169444,82.4,54,1,8.05
py,alberdi,-26.166667,-58.15,86,45,0,11.41
es,santa brigida,28.031968,-15.50425,73.4,64,20,28.86
ph,barong,18.0576,120.734,75.39,100,68,5.7
in,ganjam,19.316667000000002,84.783333,77.64,89,24,4.59
us,porterville,36.0652778,-119.01583329999998,84.24,45,1,6.93
ua,chudniv,50.052037,28.11745,70.8,72,0,5.37
it,grado,45.678611,13.386944,82.4,54,20,4.7
ru,ulyanovo,53.72305600000001,35.535,68.46,44,0,14.76
br,manicore,-5.812222,-61.2975,88.44,62,0,2.91
mx,mazatlan,17.45,-99.483333,78.72,54,24,2.57
us,girard,41.1538889,-80.7016667,72.45,69,75,3.36
pe,santo tomas,-14.445555599999999,-72.0841667,55.32,27,0,4.47
ro,baisoara,46.583333,23.466667,76.08,61,0,5.82
fr,cambrai,50.177215999999994,3.2338259999999996,76.41,50,0,9.17
sn,fatick,14.333333300000001,-16.4166667,96.36,32,0,10.63
py,general jose eduvigis diaz,-27.166666999999997,-58.416667000000004,80.85,48,0,12.75
in,bareli,28.35,79.416667,82.41,75,0,2.57
de,aue,50.583333,12.7,78.17,50,0,3.36
us,highland park,42.40555560000001,-83.0969444,66.02,77,90,5.82
in,dungarpur,21.283333,71.733333,88.71,91,20,21.81
ph,san luis,16.96455,121.82784199999999,73.23,96,44,2.68
ml,kolokani,13.583333300000001,-8.0333333,96,33,24,6.71
ro,rasova,44.25,27.933333,75.2,57,0,3.36
ie,kenmare,51.8833333,-9.583333300000001,58.56,82,0,14.99
ru,seredka,58.15838000000001,28.185757000000002,64.4,42,0,11.18
ru,krasnogvardeyskoye,50.6492,38.4036,79.08,32,0,10.63
co,facatativa,4.813668,-74.354529,66.2,48,75,10.29
tr,ercis,39.028688,43.358636,68,42,40,2.24
mx,cristobal obregon,16.35,-93.533333,87.8,52,75,12.75
br,aracruz,-19.816667000000002,-40.266667,75.2,73,75,8.05
dk,nykobing,56.791688,8.849895,60.8,93,92,13.87
in,kamarhati,22.671111,88.37472199999999,80.6,94,40,5.82
ro,oteleni,47.083333,27.033333000000002,76.06,65,0,8.05
vn,cao bang,22.666667,106.25,77.46,82,32,3.91
ua,pechenizhyn,48.515514,24.894231,77,57,75,4.47
am,sasunik,40.2472222,44.338055600000004,61.41,49,20,4.7
hu,balastya,46.422771999999995,20.008157999999998,79.61,69,20,5.82
tg,sokode,8.983333300000002,1.1333333,82.05,67,0,8.5
ru,tikhoretsk,45.854721999999995,40.125278,76.47,48,0,2.68
pt,figueiro,41.299224,-8.167793,82.33,48,20,5.82
co,gomez plata,6.681779,-75.219065,75.22,56,40,9.17
ph,sulit,6.236111,125.020556,71.61,100,12,1.68
mx,boca del rio,19.1,-96.1,86,79,75,2.24
hu,szod,47.724394000000004,19.170458,82.4,54,0,4.7
ph,san sebastian,13.7283,123.5939,76.38,100,64,3.47
us,springboro,39.5522222,-84.2333333,83.79,66,75,9.17
ru,kiyevskoye,45.038287,37.888295,73.4,53,0,6.71
ph,bagumbayan,13.45,123.66666699999999,75.48,100,48,1.34
ru,anapskaya,44.896714,37.386005,73.4,53,0,6.71
tw,pate,24.9333333,121.28333329999998,82,88,75,21.92
bw,pilikwe,-22.783333300000002,27.233333299999998,59.64,36,0,10.63
cn,bengbu,32.940833000000005,117.36083300000001,67.65,91,0,6.38
ph,general luna,10.833333,123.566667,78.81,100,76,1.9
us,rochester,43.304444399999994,-70.9761111,79.32,36,1,5.82
ru,novoanninskiy,50.5287,42.6747,82.59,32,12,12.97
fr,auch,43.645401,0.587933,86.88,43,0,2.24
ws,pata,-13.916666699999999,-171.9833333,82.5,100,68,10.63
au,forbes,-33.384361,148.007599,38.4,87,48,2.91
am,zhdanov,40.161666700000005,44.088333299999995,61.66,49,20,4.7
in,kenduadih,23.783333,86.383333,80.43,81,36,2.91
pe,jauja,-11.8,-75.5,54.33,24,0,4.03
ru,berikulskiy,55.532778,88.141111,64.41,61,76,11.18
ro,tilisca,45.8,23.85,69.8,77,40,5.82
tw,peitou,23.874444399999998,120.52194440000001,77,94,75,6.93
it,monteprandone,42.916667,13.833332999999998,80.6,54,0,2.24
de,elsfleth,53.233332999999995,8.466667,71.38,47,0,16.11
cz,dobsice,48.85,16.083333,80.69,47,0,3.36
dk,store heddinge,55.309962,12.389795,71.6,64,88,14.99
us,price,39.599444399999996,-110.81,77,20,1,4.7
ph,ayusan,14.016667000000002,121.4,78.99,94,64,7.61
mx,quetzaltepec,16.966667,-95.81666700000001,83.67,47,56,2.13
mx,cuautitlan izcalli,19.646944,-99.246667,67.89,37,75,6.93
ph,unidos,11.906773,122.00051,83.13,100,68,11.07
bd,lalmohan,22.3166667,90.7166667,84.39,92,12,7.38
ug,hoima,1.4355556,31.343611100000004,64.59,98,92,3.36
us,franklin park,41.9352778,-87.8655556,74.66,73,90,6.93
hu,cegled,47.172663,19.799523999999998,81.19,54,0,4.7
ph,sambulawan,6.883333,124.7,69.99,99,24,2.46
co,mani,4.817222,-72.288611,84.57,82,12,9.51
ru,gay,51.4666,58.4552,68,52,0,13.42
ro,viseu de jos,47.733333,24.366667,80.6,57,44,3.36
ch,lenzburg,47.384048,8.181797999999999,82.38,35,0,4.7
ph,borbon,8.484167,125.893056,73.59,91,44,3.47
mx,moroleon,20.133333,-101.2,68,56,75,9.17
py,ita,-25.483333,-57.35,82.4,51,0,9.17
us,broomall,39.9813889,-75.3569444,82.74,54,1,8.05
ro,albestii-pamanteni,45.216667,24.666667,75.57,71,80,2.57
ro,icoana,44.416667,24.716667,77,57,0,2.24
ph,santa maria,17.466389000000003,121.752222,70.8,100,12,2.35
de,gartringen,48.65,8.9,85.19,37,0,1.12
mx,guerrero,26.783333000000002,-99.333333,82.4,69,90,7.94
in,takhatpur,22.15,81.866667,81.96,74,44,3.69
id,jati,-6.5198,110.9306,77.28,100,92,5.93
gb,dawlish,50.583333,-3.4666669999999997,64.4,72,40,11.41
ca,bridgetown,44.85,-65.15,77,33,20,17.22
lt,tytuvenai,55.6,23.2,64.4,59,20,13.87
ro,dej,47.15,23.866667,78.89,61,0,5.82
ru,salym,60.0625,71.478889,62.16,66,80,5.7
in,bhainsdehi,21.646667,77.6325,72.06,96,56,3.13
cn,boshan,36.483333,117.83333300000001,64.5,77,8,2.68
ph,ponong,11.1185,122.6405,73.32,96,48,2.46
sk,trencianske teplice,48.9166667,18.1666667,79.68,51,0,4.7
us,liberty,39.2461111,-94.41888890000001,80.19,65,40,8.05
in,taloda,21.566667000000002,74.216667,82.14,63,12,8.72
ru,kerchevskiy,59.94595699999999,56.288368999999996,56.76,100,100,11.18
hu,tiszaujvaros,47.933333000000005,21.083333,82.4,45,0,6.93
in,panvel,18.983333,73.1,87.8,79,75,8.05
fr,sens,48.2,3.2833330000000003,81.48,45,0,5.37
ph,mabini,17.096943,121.73724299999999,70.8,100,12,2.35
mx,camargo,27.666666999999997,-105.16666699999999,94.92,19,0,8.16
fr,aix-en-provence,43.528695,5.448791,83.32,42,0,5.82
us,donna,26.17,-98.0516667,81.34,88,90,6.71
ru,nikolayevka,43.084722,133.204444,55.41,100,92,1.68
az,kijaba,38.532778,48.816666999999995,68,77,40,2.24
ie,clonmel,52.355,-7.703888900000001,61.98,58,0,12.64
us,rancho san diego,32.7472222,-116.93444440000002,66.69,77,90,6.93
ni,jalapa,13.916666699999999,-86.1333333,83.94,58,8,2.68
be,blegny,50.666667,5.733333,78.13,47,0,6.93
ro,palatca,46.85,23.983333,77.02,61,0,5.82
gr,mikrokambos,40.8386111,22.769722199999997,80.6,42,20,2.24
in,siwan,26.216666999999998,84.366667,85.47,74,12,10.51
ee,kaiu,59.010555599999996,25.0597222,59,62,20,18.34
it,cariati,39.5,16.95,73.4,83,0,6.93
gr,loutros,40.588333299999995,22.3994444,76.89,42,20,2.24
fi,haukipudas,65.18333299999999,25.35,59,47,0,12.75
br,floriano,-6.783333,-43.016667,89.52,38,0,10.96
ch,emmen,47.081101000000004,8.30477,81.73,45,20,1.12
in,khardaha,22.718611,88.378056,80.6,94,40,5.82
ke,kandara,-0.9,37.0,64.4,77,75,4.7
ru,nebug,44.1717,39.0026,74.49,39,0,2.57
gb,greenlaw,55.7,-2.4666669999999997,55.4,58,20,13.87
co,nuevo colon,5.353681,-73.45660500000001,60.09,77,36,2.46
cz,bystrice pod hostynem,49.399643,17.674172,77,53,0,5.82
no,ovre ardal,61.316667,7.8,48.2,66,40,12.75
ru,rodniki,57.10513100000001,41.73048,59.91,58,92,21.59
et,metu,8.3,35.583333,62.7,97,88,2.57
es,campo de criptana,39.404637,-3.123583,87.99,22,0,10.96
ru,tereze,43.936082,42.443401,73.4,38,0,4.47
br,borborema,-21.616667,-49.066666999999995,81.06,50,0,4.36
mx,poncitlan,20.366667,-102.916667,71.6,56,90,3.13
hn,tamara,14.15,-87.33333329999999,80.92,73,40,4.7
pk,gharo,24.742407,67.585651,86,70,75,10.29
gb,inverness,57.466667,-4.233333,51.8,81,40,10.29
bd,sunamganj,25.0666667,91.4,76.56,91,64,2.01
ru,kronshtadt,59.99541,29.766678999999996,62.6,68,0,15.66
mx,vega de alatorre,20.033333,-96.633333,78.9,94,92,3.47
ro,beresti-bistrita,46.716667,26.833333000000003,75.2,78,20,5.82
bo,puerto suarez,-18.95,-57.8,82.4,65,0,4.7
ng,oshogbo,7.766667,4.566667,75.12,83,92,12.19
py,caaguazu,-25.45,-56.016667000000005,80.16,59,0,9.17
ro,dumesti,47.183333000000005,27.35,77,65,0,8.05
us,la salle,41.3333333,-89.0916667,77.59,83,90,1.68
ph,sibul,15.169,121.0616,75.2,100,75,2.24
hu,kocs,47.607495,18.215168,82.4,58,0,2.24
ro,gorbanesti,47.783333,26.85,73.4,64,0,5.82
lu,bettendorf,49.8766667,6.2180556,77.83,44,1,5.82
it,copparo,44.9,11.816667,83.19,48,0,3.58
et,bure,10.7,37.066666999999995,56.22,82,44,1.68
us,farragut,35.88444439999999,-84.15361109999999,88.5,48,40,5.82
us,spencer,43.141388899999995,-95.1441667,64.65,93,90,14.99
ro,hartiesti,45.116667,25.1,72.96,69,88,3.36
us,north springfield,38.8041667,-77.205,82.76,51,75,6.93
ca,seaforth,43.55,-81.383333,64.4,77,90,8.05
hu,sarvar,47.255481,16.930410000000002,82.4,54,40,3.02
mx,san julian,21.016667,-102.166667,67.38,92,64,7.38
dk,ishoj,55.618404000000005,12.328128,71.6,64,92,14.99
ph,los arcos,8.632778,125.985556,73.59,91,44,3.47
ph,aglayan,8.055,125.13416699999999,69.45,100,36,2.35
in,bagli,22.65,76.35,77.82,91,64,3.69
al,tirana,41.3275,19.8188889,78.8,65,20,5.82
fi,eurajoki,61.2,21.733333,60.8,44,0,8.05
in,mailani,28.283333000000002,80.35,83.13,77,0,3.36
ro,prigoria,45.066666999999995,23.683332999999998,71.97,81,56,2.35
am,ranchpar,40.0252778,44.3702778,69.8,49,20,4.7
de,naila,50.316666999999995,11.7,75.2,50,0,4.7
de,hemer,51.383333,7.766667,78.8,47,0,8.05
no,sandeid,59.55,5.8333330000000005,51.82,81,75,10.29
hu,gesztely,48.1,20.966667,78.8,54,0,3.36
ru,dubrovka,53.6907,33.5071,69.27,44,0,14.99
es,baeza,37.993839,-3.471029,87.27,30,0,2.91
ph,biga,14.250832999999998,120.97666699999999,78.8,100,90,7.05
ch,oberglatt,47.475281,8.520368,81.61,35,0,4.7
is,vogar,63.966667,-22.366667,49.14,70,0,16.11
ro,ceplenita,47.383333,27.016666999999998,75.16,65,0,8.05
ro,sanpetrul-mare,46.05,20.666667,78.22,57,40,5.82
